label,pattern,sublocation,count,country,interest_1,interest_2,indoor_outdoor,adjective,video_sentiment,comment_sentiment
FAC,100 am,100 am,,,shopping,,indoor,,,
FAC,313,313 somerset,,,shopping,,indoor,,,
FAC,313 somerset,313 somerset,,,shopping,,indoor,,,
FAC,321 clementi,321 clementi,,,shopping,,indoor,,,
FAC,888 plaza,888 plaza,,,shopping,,indoor,,,
FAC,admiralty park,admiralty park,,,park,,outdoor,,,
FAC,admiralty place,admiralty place,,,shopping,,indoor,,,
FAC,adventure cove,adventure cove,,,amusement park,,outdoor,,,
FAC,alexandra canal,alexandra canal,,,nature,architecture,outdoor,,,
FAC,alexandra central,alexandra central,,,shopping,,indoor,,,
FAC,alexandra retail centre,alexandra retail centre,,,shopping,,indoor,,,
FAC,alkaff mansion,alkaff mansion,,singapore,architecture,,indoor,,,
FAC,alkaff bridge,alkaff bridge,,,architecture,,outdoor,,,
FAC,amk hub,amk hub,,,shopping,,indoor,,,
FAC,anchorpoint,anchorpoint,,,shopping,,indoor,,,
FAC,anderson bridge,anderson bridge,,,architecture,,outdoor,,,
FAC,ang mo kio town garden east,ang mo kio town garden east,,,nature,,outdoor,,,
FAC,ang mo kio town garden west,ang mo kio town garden west,,,nature,,outdoor,,,
FAC,aperia,aperia,,,shopping,,indoor,,,
GPE,arab street,arab street,,singapore,culture,,outdoor,,,
FAC,armenian church,armenian church,,,religion,,indoor,,,
FAC,art science museum,artscience museum,,singapore,museum,,indoor,,,
FAC,artscience museum,artscience museum,,,museum,,indoor,,,
FAC,asian civilisation museum,asian civilisation museum,,,museum,heritage,indoor,,,
FAC,atico lounge,atico lounge,,singapore,food and drinks,,indoor,,,
FAC,baba house,baba house,,,heritage,,indoor,,,
FOOD,bak kut teh,bak kut teh,,singapore,food and drinks,,indoor,,,
FAC,balestier hill shopping centre,balestier hill shopping centre,,,shopping,,indoor,,,
GPE,bali lane,bali lane,,singapore,culture,,outdoor,,,
FAC,beauty world centre,beauty world centre,,,shopping,,indoor,,,
FAC,beauty world plaza,beauty world plaza,,,shopping,,indoor,,,
FAC,bedok mall,bedok mall,,,shopping,,indoor,,,
FAC,bedok town park,bedok town park,,,park,,outdoor,,,
FAC,bird paradise,bird paradise,,,wildlife park,,outdoor,,,
FAC,bishan-ang mo kio park,bishan-ang mo kio park,,,park,,outdoor,,,
GPE,boat quay,boat quay,,,historic,,outdoor,,,
FAC,boon lay shopping centre,boon lay shopping centre,,,shopping,,indoor,,,
FAC,botanic garden,botanic garden,,singapore,nature,,outdoor,,,
FAC,broadway plaza,broadway plaza,,,shopping,,indoor,,,
FAC,buangkok square,buangkok square,,,shopping,,indoor,,,
FAC,buddha tooth relic temple,buddha tooth relic temple,,,religion,,indoor,,,
GPE,bugis,bugis,,singapore,shopping,,outdoor,,,
FAC,bugis cube,bugis cube,,,shopping,,indoor,,,
FAC,bugis junction,bugis junction,,,shopping,,indoor,,,
FAC,bugis+,bugis+,,,shopping,,indoor,,,
FAC,bukit batok nature park,bukit batok nature park,,,park,,outdoor,,,
FAC,bukit batok town park,bukit batok town park,,,park,,outdoor,,,
FAC,bukit panjang plaza,bukit panjang plaza,,,shopping,,indoor,,,
GPE,bukit timah,bukit timah,,,nature,,outdoor,,,
FAC,bukit timah nature reserve,bukit timah nature reserve,,,nature,,outdoor,,,
FAC,bukit timah plaza,bukit timah plaza,,,shopping,,indoor,,,
FAC,bukit timah railway,bukit timah railway,,,historic,,outdoor,,,
FAC,burmese buddhist temple,burmese buddhist temple,,,religion,,indoor,,,
FAC,butterfly garden,butterfly garden,,,nature,,indoor,,,
FAC,cable car,cable car,,singapore,nature,,outdoor,,,
FAC,canberra plaza,canberra plaza,,,shopping,,indoor,,,
FAC,capita spring,capitaspring,,,architecture,park,outdoor,,,
FAC,capital spring,capitaspring,,,architecture,park,outdoor,,,
FAC,capitaspring,capitaspring,,,architecture,park,outdoor,,,
FAC,capitol piazza,capitol piazza,,,shopping,,indoor,,,
FAC,cathay cineleisure orchard,cathay cineleisure orchard,,,shopping,,indoor,,,
FAC,causeway point,causeway point,,,shopping,,indoor,,,
FAC,ce la vi,ce la vi,,singapore,food and drinks,,indoor,,,
FAC,celavi,celavi,,singapore,food and drinks,,indoor,,,
FAC,central catchment nature reserve,central catchment nature reserve,,,park,,outdoor,,,
FAC,century square,century square,,,shopping,,indoor,,,
FAC,changi beach,changi beach,,,nature,,outdoor,,,
FAC,changi beach park,changi beach park,,,nature,,outdoor,,,
FAC,changi city point,changi city point,,,shopping,,indoor,,,
GPE,chek jawa,chek jawa,,,nature,,outdoor,,,
FAC,chijme,chijme,,,historic,religion,indoor,,,
FAC,chime,chijme,,,historic,religion,indoor,,,
FAC,china culture center,china culture centre,,,heritage,,indoor,,,
FAC,china culture centre,china culture centre,,,heritage,,indoor,,,
LOC,chinatown,chinatown,,singapore,culture,,outdoor,,,
FAC,chinese garden,chinese garden,West Region,—,park,,outdoor,,,
FAC,chinese heritage centre,chinese heritage centre,,,museum,heritage,indoor,,,
FAC,choa chu kang park,choa chu kang park,,,park,,outdoor,,,
FAC,chong pang,chong pang,,,food and drinks,,indoor,,,
FAC,chulia mosque,chulia mosque,,,religion,,indoor,,,
FAC,city gate mall,city gate mall,,,shopping,,indoor,,,
GPE,city hall,city hall,,,shopping,,indoor,,,
FAC,city plaza,city plaza,,,shopping,,indoor,,,
FAC,city square mall,city square mall,,,shopping,,indoor,,,
FAC,citylink mall,citylink mall,,,shopping,,indoor,,,
GPE,clarke quay,clarke quay,,,historic,,outdoor,,,
FAC,clarke quay central,clarke quay central,,,shopping,,indoor,,,
GPE,clementi forest,clementi forest,,,nature,,outdoor,,,
GPE,clementi woods park,clementi woods park,,,nature,,outdoor,,,
FAC,cloud forest,cloud forest,,singapore,nature,architecture,indoor,,,
FAC,compass one,compass one,,,shopping,,indoor,,,
GPE,coney island,coney island,,,nature,,outdoor,,,
GPE,coney island park,coney island park,,,nature,,outdoor,,,
GPE,coral island,coral island,Central Region,0.017,nature,,outdoor,,,
FAC,dairy farm nature park,dairy farm nature park,,,nature,,outdoor,,,
GPE,dempsey,dempsey,,,recreation,,outdoor,,,
FAC,design orchard,design orchard,,,shopping,,indoor,,,
FAC,dhoby ghaut green,dhoby ghaut green,,,park,,outdoor,,,
FAC,djitsun mall bedok,djitsun mall bedok,,,shopping,,indoor,,,
FAC,don don donki,don don donki,,singapore,shopping,,indoor,,,
GPE,downtown east,downtown east,,,recreation,,outdoor,,,
ORG,ducktour,ducktour,,,tour,,outdoor,,,
FAC,duo,duo,,,shopping,,indoor,,,
FAC,duo galleria,duo galleria,,,shopping,,indoor,,,
FAC,east coast park,east coast park,,,park,,outdoor,,,
FAC,eastpoint mall,eastpoint mall,,,shopping,,indoor,,,
FAC,elias mall,elias mall,,,shopping,,indoor,,,
FAC,empress place,empress place,,,shopping,,indoor,,,
FAC,esplanade,esplanade,,,architecture,,indoor,,,
FAC,esplanade park,esplanade park,,,park,,outdoor,,,
ORG,ezlink,ezlink,,,transport,,indoor,,,
FAC,fairprice hub,fairprice hub,,,shopping,,indoor,,,
FAC,fajar shopping centre,fajar shopping centre,,,shopping,,indoor,,,
FAC,far east plaza,far east plaza,,,shopping,,indoor,,,
FAC,floral fantasy,floral fantasy,,singapore,nature,architecture,indoor,,,
FAC,flower dome,flower dome,,singapore,nature,architecture,indoor,,,
FAC,foo hai chan,foo hai chan,,,religion,,indoor,,,
FOOD,food,food,,,food and drinks,,indoor,,,
FAC,food court,food court,,,food and drinks,,indoor,,,
FAC,food hall,hawker centre,,,food and drinks,,indoor,,,
FAC,fort canning,fort canning,,singapore,park,heritage,outdoor,,,
FAC,fort canning park,fort canning park,,,park,heritage,outdoor,,,
FAC,fort siloso,fort siloso,,,park,heritage,outdoor,,,
FAC,fountain of wealth,fountain of wealth,,,architecture,,outdoor,,,
WORK_OF_ART,fountain show,fountain show,,singapore,art,,outdoor,,,
FAC,fuk tak chi museum,fuk tak chi museum,,,museum,,indoor,,,
FAC,funan,funan,,,shopping,,indoor,,,
WORK_OF_ART,future world,future world exhibition,,singapore,art,,indoor,,,
WORK_OF_ART,future world exhibition,future world exhibition,,singapore,art,,indoor,,,
FAC,garden by the bay,garden by the bay,,singapore,nature,architecture,outdoor,,,
WORK_OF_ART,garden rhapsody,garden rhapsody,,,art,,outdoor,,,
FAC,gardens by the bay,gardens by the bay,,,nature,architecture,outdoor,,,
FAC,gek poh shopping centre,gek poh shopping centre,,,shopping,,indoor,,,
FAC,geylang canal,geylang canal,,,nature,architecture,outdoor,,,
GPE,geylang river,geylang river,,,nature,architecture,outdoor,,,
FAC,gin distillery,gin distillery,,,recreation,,indoor,,,
FAC,grantral mall,grantral mall,,,shopping,,indoor,,,
FAC,great world city,great world city,,,shopping,,indoor,,,
FAC,greenridge shopping centre,greenridge shopping centre,,,shopping,,indoor,,,
FAC,greenwich v,greenwich v,,,shopping,,indoor,,,
GPE,haji lane,haji lane,,singapore,culture,,outdoor,,,
FAC,harbourfront centre,harbourfront centre,,,shopping,,indoor,,,
FAC,haw par villa,haw par villa,,,park,heritage,outdoor,,,
FAC,hawker market,hawker market,,,food and drinks,,indoor,,,
FAC,hawker center,hawker centre,,singapore,food and drinks,,indoor,,,
FAC,hawker centre,hawker centre,,singapore,food and drinks,,indoor,,,
FAC,hdb hub,hdb hub,,,shopping,,indoor,,,
FAC,heartland mall,heartland mall,,,shopping,,indoor,,,
FAC,helix bridge,helix bridge,,singapore,architecture,,outdoor,,,
FAC,hillion mall,hillion mall,,,shopping,,indoor,,,
FAC,hillv2,hillv2,,,shopping,,indoor,,,
FAC,hindhede nature park,hindhede nature park,,,park,,outdoor,,,
FAC,holland village shopping mall,holland village shopping mall,,,shopping,,indoor,,,
FAC,hong lim park,hong lim park,,,shopping,,indoor,,,
FAC,hong san see,hong san see,,,religion,,indoor,,,
FAC,hortpark,hortpark,,,nature,,outdoor,,,
FAC,hougang 1,hougang 1,,,shopping,,indoor,,,
FAC,hougang green shopping mall,hougang green shopping mall,,,shopping,,indoor,,,
FAC,hougang mall,hougang mall,,,shopping,,indoor,,,
FAC,house of tan yeok nee,house of tan yeok nee,,,historic,architecture,indoor,,,
FAC,i12 katong,i12 katong,,,shopping,,indoor,,,
FAC,images of singapore,images of singapore,,,museum,heritage,indoor,,,
FAC,imm,imm,,,shopping,,indoor,,,
FAC,indian heritage centre,indian heritage centre,,,heritage,museum,indoor,,,
FAC,indoor stadium,indoor stadium,,,recreation,architecture,indoor,,,
FAC,ion orchard,ion orchard,,,shopping,,indoor,,,
FAC,istana park,istana park,,,park,,outdoor,,,
FAC,japanese cemetery park,japanese cemetery park,,,park,,outdoor,,,
FAC,japanese garden,japanese garden,,,park,,outdoor,,,
FAC,jcu museum of video and computer games,jcu museum of video and computer games,,,museum,,indoor,,,
FAC,jcube,jcube,,,shopping,,indoor,,,
FAC,jem,jem,,,shopping,,indoor,,,
FAC,jewel,jewel changi,,,shopping,,indoor,,,
FAC,jewel changi,jewel changi,,singapore,shopping,,indoor,,,
FAC,jewel changi airport,jewel changi airport,,,shopping,,indoor,,,
LOC,jewel fountain,jewel waterfall,,singapore,architecture,nature,indoor,,,
LOC,jewel waterfall,jewel waterfall,,singapore,architecture,nature,indoor,,,
GPE,joo chiat,joo chiat,,singapore,heritage,culture,outdoor,,,
FAC,jubilee square,jubilee square,,,shopping,,indoor,,,
FAC,junction 10,junction 10,,,shopping,,indoor,,,
FAC,junction 8,junction 8,,,shopping,,indoor,,,
FAC,junction nine,junction nine,,,shopping,,indoor,,,
FAC,jurong central park,jurong central park,,,park,,outdoor,,,
GPE,jurong island,jurong island,West Region,32,nature,,outdoor,,,
FAC,jurong point,jurong point,,,shopping,,indoor,,,
GPE,kallang river,kallang river,,,nature,,outdoor,,,
FAC,kallang riverside park,kallang riverside park,,,nature,,outdoor,,,
FAC,kallang wave mall,kallang wave mall,,,shopping,,indoor,,,
LOC,kampong glam,kampong glam,,singapore,culture,,outdoor,,,
LOC,kampung glam,kampong glam,,singapore,culture,,outdoor,,,
FAC,katong shopping centre,katong shopping centre,,,shopping,,indoor,,,
FAC,katong square,katong square,,,shopping,,indoor,,,
FOOD,kaya toast,kaya toast,,,food and drinks,,indoor,,,
FAC,keat hong shopping centre,keat hong shopping centre,,,shopping,,indoor,,,
FAC,kent ridge park,kent ridge park,,,park,,outdoor,,,
FAC,ketam mountain bike park,ketam mountain bike park,,,park,,outdoor,,,
FAC,kinex,kinex,,,shopping,,indoor,,,
FAC,knightsbridge,knightsbridge,,,shopping,,indoor,,,
FAC,koma,koma,,,food and drinks,,indoor,,,
FAC,kong meng san phor kark see monastery,kong meng san phor kark see monastery,,,religion,,indoor,,,
GPE,kranji marshes,kranji marshes,,,nature,,outdoor,,,
FAC,kranji reservoir park,kranji reservoir park,,,nature,,outdoor,,,
FAC,kwan im thong hood cho,kwan im thong hood cho,,,religion,,indoor,,,
FAC,labrador nature reserve,labrador nature reserve,,,nature,,outdoor,,,
FAC,labrador park,labrador park,,,nature,,outdoor,,,
FAC,lake garden,lake garden,,,nature,,outdoor,,,
FAC,lantern,lantern,,singapore,food and drinks,,indoor,,,
LOC,largest indoor waterfall,jewel waterfall,,singapore,architecture,nature,indoor,,,
FAC,lau pa sit,lau pa sat,,,food and drinks,,indoor,,,
FAC,lavo,lavo,,,food and drinks,,indoor,,,
GPE,lazarus island,lazarus island,,,nature,,outdoor,,,
GPE,lazarus,lazarus,,,nature,,outdoor,,,
FAC,lee kong chian natural history museum,lee kong chian natural history museum,,,museum,,indoor,,,
FAC,leisure park kallang,leisure park kallang,,,recreation,,outdoor,,,
FAC,level 33,level 33,,singapore,food and drinks,,indoor,,,
FAC,level33,level 33,,singapore,food and drinks,,indoor,,,
FAC,lian shan shuang lin,lian shan shuang lin,,,religion,,indoor,,,
FAC,liat towers,liat towers,,,shopping,,indoor,,,
FAC,library orchard,library orchard,,,recreation,,indoor,,,
WORK_OF_ART,light show,light show,,singapore,art,,outdoor,,,
FAC,lighthouse,lighthouse,,,architecture,nature,outdoor,,,
FAC,limbang shopping centre,limbang shopping centre,,,shopping,,indoor,,,
LOC,little india,little india,,singapore,culture,,outdoor,,,
FAC,long bar,long bar,,singapore,food and drinks,,indoor,,,
FAC,lot one,lot one,,,shopping,,indoor,,,
FAC,lower seletar reservoir park,lower seletar reservoir park,,,park,,outdoor,,,
FAC,loyang point,loyang point,,,shopping,,indoor,,,
FAC,lucky plaza,lucky plaza,,,shopping,,indoor,,,
FAC,macritchie reservoir,macritchie reservoir,,singapore,nature,,outdoor,,,
FAC,macritchie reservoir park,macritchie reservoir park,,,nature,,outdoor,,,
FAC,macritchie treetop walk,macritchie treetop walk,,singapore,nature,architecture,outdoor,,,
FAC,madame tussauds singapore,madame tussauds singapore,,,museum,,indoor,,,
FAC,maghain aboth synagogue,maghain aboth synagogue,,,religion,,indoor,,,
FAC,malay heritage centre,malay heritage centre,,,heritage,,indoor,,,
FAC,marina barrage,marina barrage,,singapore,nature,recreation,outdoor,,,
FAC,marina bay,shoppe at marina bay sand,,,shopping,,indoor,,,
FAC,marina bay link mall,marina bay link mall,,,shopping,,indoor,,,
FAC,marina bay sand,shoppe at marina bay sand,,,shopping,,indoor,,,
FAC,marina bay sands,marina bay sands,,,shopping,,indoor,,,
FAC,marina square,marina square,,,shopping,,indoor,,,
FAC,maritime experiential museum & aquarium,maritime experiential museum & aquarium,,,museum,wildlife park,indoor,,,
FAC,marsiling mall,marsiling mall,,,shopping,,indoor,,,
FAC,marsiling park,marsiling park,,,park,,outdoor,,,
FAC,masjid jamae,chulia mosque,,,religion,,indoor,,,
FAC,masjid sultan,sultan mosque,,singapore,religion,,indoor,,,
FAC,maxwell food center,maxwell food centre,,singapore,food and drinks,,indoor,,,
FAC,maxwell food centre,maxwell food centre,,singapore,food and drinks,,indoor,,,
FAC,maxwell food court,maxwell food court,,,food and drinks,,indoor,,,
WORK_OF_ART,merlion,merlion,,singapore,art,architecture,outdoor,,,
FAC,merlion park,merlion park,,singapore,park,,outdoor,,,
GPE,middle island,middle island,,,nature,,outdoor,,,
FAC,midpoint orchard,midpoint orchard,,,shopping,,indoor,,,
FAC,millenia walk,millenia walk,,,shopping,,indoor,,,
FAC,mint museum of toys,mint museum of toys,,,museum,heritage,indoor,,,
FAC,mount emily park,mount emily park,,,park,,outdoor,,,
FAC,mount faber,mount faber,,,park,,outdoor,,,
FAC,mount faber park,mount faber park,,,park,,outdoor,,,
FAC,mrt,mrt,,singapore,transport,,indoor,,,
FAC,museum of ice cream,museum of ice cream,,,museum,,indoor,,,
FAC,mustafa shopping centre,mustafa shopping centre,,,shopping,,indoor,,,
FAC,myvillage at serangoon garden,myvillage at serangoon garden,,,shopping,,indoor,,,
FAC,national gallery,national gallery,,,museum,,indoor,,,
FAC,national gallery singapore,national gallery singapore,,,museum,,indoor,,,
FAC,national museum,national museum,,,museum,,indoor,,,
FAC,National Museum of Singapore,national museum,,,museum,,indoor,,,
FAC,national orchid garden,national orchid garden,,,park,nature,outdoor,,,
FAC,national stadium,national stadium,,,recreation,,outdoor,,,
FAC,nei xue tang museum,nei xue tang museum,,,museum,,indoor,,,
ORG,netspay,netspay,,,payment,,indoor,,,
FAC,newton food,newton food,,,food and drinks,,indoor,,,
FAC,newton hawker center,newton hawker centre,,singapore,food and drinks,,indoor,,,
FAC,newton hawker centre,newton hawker centre,,singapore,food and drinks,,indoor,,,
FAC,nex,nex,,,shopping,,indoor,,,
FAC,ngee ann city,ngee ann city,,,shopping,,indoor,,,
FAC,night safari,night safari,,,wildlife park,,outdoor,,,
WORK_OF_ART,night show,night show,,singapore,art,,outdoor,,,
FAC,northpoint city,northpoint city,,,shopping,,indoor,,,
FAC,northshore plaza,northshore plaza,,,shopping,,indoor,,,
FAC,nus museum,nus museum,,,museum,,indoor,,,
FAC,oasis terraces,oasis terraces,,,shopping,,indoor,,,
FAC,od mall,od mall,,,shopping,,indoor,,,
FAC,old hill police station,old hill police station,,,historic,architecture,outdoor,,,
GPE,old hill street,old hill street,,singapore,historic,architecture,outdoor,,,
FAC,one fullerton,one fullerton,,,recreation,,indoor,,,
FAC,one-north park,one-north park,,,park,,outdoor,,,
GPE,orchard,orchard,,singapore,shopping,,indoor,,,
FAC,orchard central,orchard central,,,shopping,,indoor,,,
FAC,orchard gateway,orchard gateway,,,shopping,,indoor,,,
FAC,orchard plaza,orchard plaza,,,shopping,,indoor,,,
FAC,orchid garden,orchid garden,,singapore,park,,outdoor,,,
FAC,our tampines hub,our tampines hub,,,shopping,recreation,indoor,,,
FAC,palais renaissance,palais renaissance,,,shopping,,indoor,,,
GPE,palawan beach,palawan beach,,,nature,,outdoor,,,
GPE,paradise island,paradise island,Central Region,—,nature,,outdoor,,,
FAC,parkview museum,parkview museum,,,museum,,indoor,,,
FAC,parkway parade,parkway parade,,,shopping,,indoor,,,
FAC,pasir ris park,pasir ris park,,,park,,outdoor,,,
FAC,pasir ris town park,pasir ris town park,,,park,,outdoor,,,
FAC,pasir ris west plaza,pasir ris west plaza,,,shopping,,indoor,,,
FAC,paya lebar quarter,paya lebar quarter,,,shopping,,indoor,,,
FAC,paya lebar square,paya lebar square,,,shopping,,indoor,,,
FAC,pearl hill city park,pearl hill city park,,,park,,outdoor,,,
GPE,pearl island,pearl island,Central Region,0.019,nature,,outdoor,,,
GPE,pedra branca,pedra branca,,,nature,,outdoor,,,
FAC,pelton canal,pelton canal,,,park,architecture,outdoor,,,
FAC,people park centre,people park centre,,,shopping,,indoor,,,
FAC,people park complex,people park complex,,,shopping,,indoor,,,
FAC,peranakan house,peranakan house,,singapore,museum,heritage,indoor,,,
FAC,peranakan museum,peranakan museum,,,museum,heritage,indoor,,,
FAC,pioneer mall,pioneer mall,,,shopping,,indoor,,,
FAC,plaza singapura,plaza singapura,,,shopping,,indoor,,,
FAC,plq,paya lebar quarter,,,shopping,,indoor,,,
FAC,pomo,pomo,,,shopping,,indoor,,,
FAC,pop mart,pop mart,,,shopping,,indoor,,,
FAC,potato head,potato head,,singapore,food and drinks,,indoor,,,
FAC,pso beach club,pso beach club,,singapore,food and drinks,,indoor,,,
GPE,pulau anak bukom,pulau anak bukom,,,nature,,outdoor,,,
GPE,pulau berkas,pulau berkas,,,nature,,outdoor,,,
GPE,pulau biola,violin island,,,nature,,outdoor,,,
GPE,pulau brani,pulau brani,,,nature,,outdoor,,,
GPE,pulau bukom,pulau bukom,,,nature,,outdoor,,,
GPE,pulau bukom kechil,pulau bukom kechil,West Region,2.1,nature,,outdoor,,,
GPE,pulau buloh,sungei buloh wetland reserve,North Region,1.3,nature,,outdoor,,,
GPE,pulau damar laut,pulau damar laut,West Region,—,nature,,outdoor,,,
GPE,pulau damien,pulau damien,Northeast Region,—,nature,,outdoor,,,
GPE,pulau hantu,pulau hantu,West Region,0.126,nature,,outdoor,,,
GPE,pulau jong,pulau jong,West Region,0.006,nature,,outdoor,,,
GPE,pulau keppel,pulau keppel,Central Region,0.053,nature,,outdoor,,,
GPE,pulau ketam,pulau ketam,Northeast Region,—,nature,,outdoor,,,
GPE,pulau khatib bongsu,pulau khatib bongsu,North Region,—,nature,,outdoor,,,
GPE,pulau kusu,pulau kusu,,,nature,,outdoor,,,
GPE,pulau malang siajar,pulau malang siajar,Northeast Region,—,nature,,outdoor,,,
GPE,pulau palawan,pulau palawan,Central Region,0.004,nature,,outdoor,,,
GPE,pulau punggol barat,pulau punggol barat,Northeast Region,1.92,nature,,outdoor,,,
GPE,pulau punggol timor,pulau punggol timor,Northeast Region,1.12,nature,,outdoor,,,
GPE,pulau sakijang bendera (saint john's island),saint john island,Central Region,0.405,nature,,outdoor,,,
GPE,pulau sakijang pelepah (lazarus island),lazarus island,Central Region,0.47,nature,,outdoor,,,
GPE,pulau salu,pulau salu,West Region,,nature,,outdoor,,,
GPE,pulau samulun,pulau samulun,West Region,0.004,nature,,outdoor,,,
GPE,pulau satumu,pulau satumu,West Region,0.013,nature,,outdoor,,,
GPE,pulau sebarok (middle island),middle island,West Region,0.468,nature,,outdoor,,,
GPE,pulau sekudu,pulau sekudu,Northeast Region,—,nature,,outdoor,,,
GPE,pulau seletar,pulau seletar,North Region,0.385,nature,,outdoor,,,
GPE,pulau semakau,pulau semakau,West Region,3.5,nature,,outdoor,,,
GPE,pulau serangoon,coney island,,,nature,,outdoor,,,
GPE,pulau seringat,pulau seringat,Central Region,—,nature,,outdoor,,,
GPE,pulau seringat kechil,pulau seringat kechil,Central Region,—,nature,,outdoor,,,
GPE,pulau subar darat (sisters' island),sister island,Central Region,0.056,nature,,outdoor,,,
GPE,pulau tekukor,pulau tekukor,Central Region,—,nature,,outdoor,,,
GPE,pulau ubin,pulau ubin,,,nature,recreation,outdoor,,,
GPE,pulau unum,pulau unum,Northeast Region,—,nature,,outdoor,,,
FAC,punggol park,punggol park,,,park,,outdoor,,,
FAC,punggol plaza,punggol plaza,,,shopping,,indoor,,,
FAC,punggol point park,punggol point park,,,park,,outdoor,,,
FAC,punggol waterway park,punggol waterway park,,,park,,outdoor,,,
FAC,qi tian gong,qi tian gong,,,religion,,indoor,,,
FAC,queensway shopping centre,queensway shopping centre,,,shopping,,indoor,,,
FAC,raffles city,raffles city,,,shopping,,indoor,,,
FAC,raffles hotel,raffles hotel,,singapore,shopping,,indoor,,,
FAC,raffles place park,raffles place park,,,park,,outdoor,,,
FAC,rail mall,rail mall,,,shopping,,indoor,,,
FAC,red dot design museum singapore,red dot design museum singapore,,,museum,,indoor,,,
FAC,resorts world,resorts world,,,amusement park,,outdoor,,,
FAC,river wonder,river wonder,,,wildlife park,,outdoor,,,
FAC,rivervale mall,rivervale mall,,,shopping,,indoor,,,
FAC,rivervale plaza,rivervale plaza,,,shopping,,indoor,,,
FAC,rochester mall,rochester mall,,,shopping,,indoor,,,
FAC,rochor canal,rochor canal,,,nature,architecture,outdoor,,,
GPE,rochor river,rochor river,,,nature,architecture,outdoor,,,
FAC,roxy square,roxy square,,,shopping,,indoor,,,
FAC,royal albatross,royal albatross,,,nature,recreation,outdoor,,,
GPE,saint john island,saint john island,,,nature,,outdoor,,,
GPE,sandy island,sandy island,Central Region,0.0007,nature,,outdoor,,,
FAC,scentopia,scentopia,,,recreation,,indoor,,,
FAC,scotts square,scotts square,,,shopping,,indoor,,,
FAC,sea aquarium,sea aquarium,,singapore,wildlife park,,outdoor,,,
FAC,selegie arts,selegie arts,,,museum,,indoor,,,
FAC,sembawang park,sembawang park,,,park,,outdoor,,,
FAC,sembawang shopping centre,sembawang shopping centre,,,shopping,,indoor,,,
FAC,sengkang grand mall,sengkang grand mall,,,shopping,,indoor,,,
FAC,sengkang riverside park,sengkang riverside park,,,park,,outdoor,,,
FAC,sengkang sculpture park,sengkang sculpture park,,,park,,outdoor,,,
GPE,sentosa,sentosa,,singapore,recreation,,outdoor,,,
FAC,shaw centre,shaw centre,,,shopping,,indoor,,,
FAC,shaw house,shaw house,,,shopping,,indoor,,,
FAC,shoppe,shoppe at marina bay sand,,singapore,shopping,,indoor,,,
FAC,shoppe at marina bay sands,shoppe at marina bay sand,,,shopping,,indoor,,,
FAC,siglap canal,siglap canal,,,nature,architecture,outdoor,,,
GPE,siloso beach,siloso beach,,,nature,,outdoor,,,
FAC,sim lim square,sim lim square,,,shopping,,indoor,,,
ORG,singapore airline,singapore airline,,,transport,,indoor,,,
FAC,singapore airport,singapore airport,,singapore,transport,recreation,indoor,,,
FAC,singapore art museum,singapore art museum,,,museum,,indoor,,,
GPE,singapore botanic gardens,singapore botanic gardens,,,nature,park,outdoor,,,
FAC,singapore centre,singapore centre,,,shopping,,indoor,,,
FAC,singapore coins and notes museum,singapore coins and notes museum,,,museum,,indoor,,,
FAC,singapore discovery,singapore discovery,,,museum,,indoor,,,
FAC,singapore flyer,singapore flyer,,,architecture,recreation,outdoor,,,
FAC,singapore philatelic museum,singapore philatelic museum,,,museum,,indoor,,,
FAC,singapore pinacotheque de paris,singapore pinacotheque de paris,,,museum,,indoor,,,
GPE,singapore river,singapore river,,,nature,architecture,outdoor,,,
FAC,singapore shopping centre,singapore shopping centre,,,shopping,,indoor,,,
FAC,singapore zoo,singapore zoo,,singapore,wildlife park,,outdoor,,,
FAC,singpost centre,singpost centre,,,shopping,,indoor,,,
GPE,sister island,sister island,,,nature,,outdoor,,,
GPE,sisters island marine park,sisters island marine park,,,nature,park,outdoor,,,
FAC,sky garden,sky garden,,singapore,park,architecture,outdoor,,,
FAC,skyline luge,skyline luge,,singapore,amusement park,recreation,outdoor,,,
FAC,skypark,skypark,,singapore,recreation,,outdoor,,,
FAC,skyride,skyride,,singapore,amusement park,recreation,outdoor,,,
FAC,skyway,skyway,,singapore,architecture,nature,outdoor,,,
FAC,smoke mirror,smoke mirror,,singapore,food and drinks,,indoor,,,
FAC,southern ridge,southern ridge,,singapore,nature,architecture,outdoor,,,
FAC,sports museum,sports museum,,,museum,recreation,indoor,,,
FAC,square 2,square 2,,,shopping,,indoor,,,
FAC,sri lankaramaya,sri lankaramaya,,,religion,,indoor,,,
FAC,sri mariamman,sri mariamman,,,religion,,indoor,,,
FAC,sri temasek,sri temasek,,,religion,,indoor,,,
FAC,sri thendayuthapani,sri thendayuthapani,,,religion,,indoor,,,
WORK_OF_ART,street art,street art,,,art,,outdoor,,,
FAC,sultan mosque,sultan mosque,,singapore,religion,,indoor,,,
FAC,sultan shoal,sultan shoal,West Region,0.006,architecture,nature,outdoor,,,
FAC,sun plaza,sun plaza,,,shopping,,indoor,,,
FAC,sun plaza park,sun plaza park,,,park,recreation,indoor,,,
FAC,sun yat sen nanyang memorial,sun yat sen nanyang memorial,,,museum,,indoor,,,
GPE,sungei buloh wetland reserve,sungei buloh wetland reserve,,,nature,,outdoor,,,
FAC,sunshine place,sunshine place,,,shopping,,indoor,,,
FAC,sunshine plaza,sunshine plaza,,,shopping,,indoor,,,
FAC,suntec city,suntec city,,,shopping,,indoor,,,
FAC,supertree grove,supertree grove,,singapore,nature,architecture,outdoor,,,
FAC,taman jurong shopping centre,taman jurong shopping centre,,,shopping,,indoor,,,
FAC,tampines 1,tampines 1,,,shopping,,indoor,,,
FAC,tampines eco green,tampines eco green,,,nature,,outdoor,,,
FAC,tampines mall,tampines mall,,,shopping,,indoor,,,
FAC,tan si chong su,tan si chong su,,,religion,,indoor,,,
GPE,tanglin,tanglin,,,heritage,,outdoor,,,
FAC,tanglin mall,tanglin mall,,,shopping,,indoor,,,
GPE,tanjong pagar,tanjong pagar,,singapore,heritage,,outdoor,,,
FAC,tanjong pagar centre,tanjong pagar centre,,,shopping,,indoor,,,
FAC,tanjong pagar park,tanjong pagar park,,,park,,outdoor,,,
FAC,teck whye shopping centre,teck whye shopping centre,,,shopping,,indoor,,,
FAC,tekka centre,tekka centre,,,shopping,,indoor,,,
FAC,telok blangah hill park,telok blangah hill park,,,park,,outdoor,,,
FAC,terminal 4,terminal 4,,,shopping,service,indoor,,,
FAC,the adelphi,the adelphi,,,shopping,,indoor,,,
FAC,the battle box,the battle box,,,heritage,architecture,indoor,,,
FAC,the centrepoint,the centrepoint,,,shopping,,indoor,,,
FAC,the clementi mall,the clementi mall,,,shopping,,indoor,,,
FAC,the gem museum,the gem museum,,,museum,,indoor,,,
FAC,the intan,the intan,,,museum,,indoor,,,
FAC,the paragon,the paragon,,,shopping,,indoor,,,
FAC,the poiz,the poiz,,,shopping,,indoor,,,
FAC,the republic of singapore navy museum,the republic of singapore navy museum,,,museum,,indoor,,,
FAC,the seletar mall,the seletar mall,,,shopping,,indoor,,,
FAC,the south beach,the south beach,,,recreation,,outdoor,,,
FAC,the southern ridges,the southern ridges,,,nature,park,outdoor,,,
FAC,the star vista,the star vista,,,shopping,,indoor,,,
FAC,theatre on the bay,esplanade,,,architecture,shopping,indoor,,,
FAC,thian hock keng,thian hock keng,,,religion,architecture,indoor,,,
FAC,thomson plaza,thomson plaza,,,shopping,,indoor,,,
FAC,thomson v,thomson v,,,shopping,,indoor,,,
FAC,tiong bahru park,tiong bahru park,,,park,,outdoor,,,
FAC,tiong bahru plaza,tiong bahru plaza,,,shopping,,indoor,,,
FAC,toa payoh town park,toa payoh town park,,,park,,outdoor,,,
FAC,tool of old singapore museum,tool of old singapore museum,,,museum,heritage,indoor,,,
FAC,treetop,treetop,,singapore,nature,architecture,outdoor,,,
FAC,trick eye museum,trick eye museum,,,museum,art,indoor,,,
FAC,united square,united square,,,shopping,,indoor,,,
FAC,universal studio,universal studio,,singapore,amusement park,,outdoor,,,
FAC,upper peirce reservoir park,upper peirce reservoir park,,,park,nature,outdoor,,,
FAC,upper seletar reservoir,upper seletar reservoir,,,park,nature,outdoor,,,
FAC,upper serangoon shopping centre,upper serangoon shopping centre,,,shopping,,indoor,,,
FAC,ura city gallery,ura city gallery,,,museum,,indoor,,,
FAC,velocity,velocity novena square,,,shopping,,indoor,,,
FAC,velocity novena square,velocity novena square,,,shopping,,indoor,,,
FAC,victoria concert hall,victoria concert hall,,,art,architecture,indoor,,,
FAC,victoria theatre,victoria concert hall,,,art,architecture,indoor,,,
FAC,vintage camera museum,vintage camera museum,,,museum,historic,indoor,,,
GPE,violin island,violin island,,,nature,,outdoor,,,
FAC,vista point,vista point,,,shopping,,indoor,,,
FAC,vivo city,vivocity,,singapore,shopping,,indoor,,,
FAC,vivocity,vivocity,,singapore,shopping,,indoor,,,
LOC,vortex,jewel waterfall,,,architecture,nature,indoor,,,
FOOD,wanton noodle,wanton noodle,,,food and drinks,,indoor,,,
FAC,war memorial park,war memorial park,,singapore,historic,,outdoor,,,
FAC,wat ananda metyarama,wat ananda metyarama,,,religion,,indoor,,,
FAC,waterboat house garden,waterboat house garden,,,park,,outdoor,,,
FAC,waterway point,waterway point,,,shopping,,indoor,,,
FAC,west coast park,west coast park,,,park,nature,outdoor,,,
FAC,west coast plaza,west coast plaza,,,shopping,,indoor,,,
FAC,west mall,west mall,,,shopping,,indoor,,,
FAC,westgate,westgate,,,shopping,,indoor,,,
FAC,wheelock place,wheelock place,,,shopping,,indoor,,,
FAC,white sands,white sands,,,shopping,,indoor,,,
FAC,wild wild wet,wild wild wet,,,amusement park,,outdoor,,,
FAC,wisma atria,wisma atria,,,shopping,,indoor,,,
FAC,wisteria mall,wisteria mall,,,shopping,,indoor,,,
ORG,woodlands civic centre,woodlands civic centre,,,service,,indoor,,,
FAC,woodlands mart,woodlands mart,,,shopping,,indoor,,,
FAC,woodlands north plaza,woodlands north plaza,,,shopping,,indoor,,,
FAC,woodlands waterfront park,woodlands waterfront park,,,park,,outdoor,,,
FAC,yew tee point,yew tee point,,,shopping,,indoor,,,
FAC,yew tee square,yew tee square,,,shopping,,indoor,,,
FAC,yishun neighbourhood park,yishun neighbourhood park,,,park,,outdoor,,,
FAC,yishun park,yishun park,,,park,,outdoor,,,
FAC,yishun pond park,yishun pond park,,,park,,outdoor,,,
FAC,youth olympic park,youth olympic park,,,park,,outdoor,,,
FAC,yueh hai ching,yueh hai ching,,,religion,,indoor,,,
FAC,zhenghua park,zhenghua park,,,shopping,,indoor,,,
FAC,zhongshan mall,zhongshan mall,,,shopping,,indoor,,,